chain_id,vault,curator
1,0xf9bddd4a9b3a45f980e11fdde96e16364ddbec49,Yearn
1,0xe89371eaaac6d46d4c3ed23453241987916224fc,Yearn
1,0xdd0f28e19c1780eb6396170735d45153d261490d,Gauntlet
1,0xd63070114470f685b75b74d60eec7c1113d33a3d,MEV Capital
1,0xc54b4e08c1dcc199fdd35c6b5ab589ffd3428a8d,Gauntlet
1,0xc080f56504e0278828a403269db945f6c6d6e014,Gauntlet
1,0xbeefff68cc520d68f82641eff84330c631e2490e,Steakhouse Financial
1,0xbeefff209270748ddd194831b3fa287a5386f5bc,Steakhouse Financial
1,0xbeefc1cdafc5b4a649b54d07afc6bf0f75c6f4e2,Steakhouse Financial
1,0xbeefb9f61cc44895d8aec381373555a64191a9c4,Steakhouse Financial
1,0xbeef96b330ef1fe7ebe41ece0bd4a41a94bc03dc,Steakhouse Financial
1,0xbeef346d7099865208ff331e4f648f4154ddaa05,Waterline
1,0xbeef1f5bd88285e5b239b6aacb991d38cca23ac9,Waterline
1,0xbeef050ecd6a16c4e7bffbb52ebba7846c4b8cd4,Steakhouse Financial
1,0xbeef047a543e45807105e51a8bbefcc5950fcfba,Steakhouse Financial
1,0xbeef01735c132ada46aa9aa4c54623caa92a64cb,Steakhouse Financial
1,0xa8875aaebc4f830524e35d57f9772ffacbdd6c45,Gauntlet
1,0xa71d08a159258553a5ac190d60fa919425ff02ea,Hakutora
1,0xa0804346780b4c2e3be118ac957d1db82f9d7484,Steakhouse Financial
1,0x9a8bc3b04b7f3d87cfc09ba407dced575f2d61d8,MEV Capital
1,0x974c8fbf4fd795f66b85b73ebc988a51f1a040a9,Hakutora
1,0x8eb67a509616cd6a7c1b3c8c21d48ff57df3d458,Gauntlet
1,0x8cb3649114051ca5119141a34c200d65dc0faa73,Gauntlet
1,0x888883f0eddf69ca4bfd00af93714ff97f188888,Hyperithm
1,0x833adaef212c5cd3f78906b44bbfb18258f238f0,Steakhouse Financial
1,0x812b2c6ab3f4471c0e43d4bb61098a9211017427,Gauntlet
1,0x79fd640000f8563a866322483524a4b48f1ed702,Gauntlet
1,0x78fc2c2ed1a4cdb5402365934ae5648adad094d0,RE7 Labs
1,0x78b18e07dc43017fceaabad0751d6464c0f56b25,Gauntlet
1,0x777791c4d6dc2ce140d00d2828a7c93503c67777,Hyperithm
1,0x75741a12b36d181f44f389e0c6b1e0210311e3ff,Steakhouse Financial
1,0x739d8a60ed4b14e4cb6dcaeaf79d2ec0ca092237,SingularV
1,0x701907283a57ff77e255c3f1aad790466b8ce4ef,Gauntlet
1,0x68aea7b82df6ccdf76235d46445ed83f85f845a3,Yearn
1,0x6859b34a9379122d25a9fa46f0882d434fee36c3,Gauntlet
1,0x62fe596d59fb077c2df736df212e0affb522dc78,Clearstar
1,0x56a76b428244a50513ec81e225a293d128fd581d,SparkDAO
1,0x500331c9ff24d9d11aee6b07734aa72343ea74a5,Gauntlet
1,0x4ff4186188f8406917293a9e01a1ca16d3cf9e59,Gauntlet
1,0x4881ef0bf6d2365d3dd6499ccd7532bcdbce0658,Gauntlet
1,0x443df5eee3196e9b2dd77cabd3ea76c3dee8f9b2,Gauntlet
1,0x34ece536d2ae03192b06c0a67030d1faf4c0ba43,MEV Capital
1,0x31a5684983eee865d943a696aac155363ba024f9,Gauntlet
1,0x2ed10624315b74a78f11fabedaa1a228c198aefb,Gauntlet
1,0x2371e134e3455e0593363cbf89d3b6cf53740618,Gauntlet
8453,0xf24608e0ccb972b0b0f4a6446a0bbf58c701a026,Anthias Labs
8453,0xef417a2512c5a41f69ae4e021648b69a7cde5d03,Yearn
8453,0xee8f4ec5672f09119b96ab6fb59c27e1b7e44b61,Gauntlet
8453,0xe74c499fa461af1844fca84204490877787ced56,Clearstar
8453,0xc1256ae5ff1cf2719d4937adb3bbccab2e00a2ca,Anthias Labs
8453,0xc0c5689e6f4d256e861f65465b691aeecc0deb12,Gauntlet
8453,0xbeefe94c8ad530842bfe7d8b397938ffc1cb83b2,Steakhouse Financial
8453,0xbeefa7b88064feef0cee02aaebbd95d30df3878f,Steakhouse Financial
8453,0xbeef086b8807dc5e5a1740c5e3a7c4c366ea6ab5,Steakhouse Financial
8453,0xbeef050a7485865a7a8d8ca0cc5f7536b7a3443e,Steakhouse Financial
8453,0xbeef010f9cb27031ad51e3333f9af9c6b1228183,Steakhouse Financial
8453,0xa0e430870c4604ccfc7b38ca7845b1ff653d0ff1,Anthias Labs
8453,0x7bfa7c4f149e7415b73bdedfe609237e29cbf34a,SparkDAO
8453,0x6e6fcac197ee06d0164c0fba218c7bcb878f9b5c,Apostro
8453,0x6b13c060f13af1fdb319f52315bbbf3fb1d88844,Gauntlet
8453,0x6770216ac60f634483ec073cbabc4011c94307cb,Gauntlet
8453,0x5a32099837d89e3a794a44fb131cbbad41f87a8c,Gauntlet
8453,0x5435bc53f2c61298167cdb11cdf0db2bfa259ca0,UltraYield
8453,0x543257ef2161176d7c8cd90ba65c2d4caef5a796,Anthias Labs
8453,0x43cd00de63485618a5ceebe0de364cd6cbeb26e7,Gauntlet
8453,0x236919f11ff9ea9550a4287696c2fc9e18e6e890,Gauntlet
8453,0x1d3b1cd0a0f242d598834b3f2d126dc6bd774657,Clearstar
8453,0x1401d1271c47648ac70cbcdfa3776d4a87ce006b,Pangolins
8453,0x09832347586e238841f49149c84d121bc2191c53,Clearstar
999,0xfc5126377f0efc0041c0969ef9ba903ce67d151e,Felix
999,0xd19e3d00f8547f7d108abfd4bbb015486437b487,MEV Capital
999,0x9c59a9389d8f72de2cdaf1126f36ea4790e2275e,Felix
999,0x9896a8605763106e57a51aa0a97fe8099e806bb3,Felix
999,0x8a862fd6c12f9ad34c9c2ff45ab2b6712e8cea27,Felix
999,0x53a333e51e96fe288bc9add7cdc4b1ead2cd2ffa,Gauntlet
999,0x2900abd73631b2f60747e687095537b673c06a76,Felix
999,0x08c00f8279dff5b0cb5a04d349e7d79708ceadf3,Gauntlet
999,0x0571362ba5ea9784a97605f57483f865a37dbeaa,Gauntlet
1,0x04422053addbc9bb2759b248b574e3fca76bc145,Keyrock
1,0x069662d2588fcac24b5c209456db965d151556f0,Hyperithm
1,0x093272c07700d3ca5301c3bf9b3a392624179e2f,Hyperithm
1,0x132fe294ea9b6fad8ca00554d211d5f2b905c1ad,Avantgarde
1,0x133614490896bc02c774bc3399e4db1b6d05a2ca,Presto
1,0x1878805799273d10ae96a58201a6f5254cf9824f,Galaxy Curation
1,0x1a1985f50352b58090eb36425afdfacbac7806f4,KPK
1,0x23f5e9c35820f4bab695ac1f19c203cc3f8e1e11,Sky Money
1,0x244f46262d9ad408b746e74abdd010e9002fb7ee,UltraYield
1,0x2c4bc0ec9fdd2b1f38ed5120184d62288d3e9dce,Dialectic Meccanico
1,0x2bd3a43863c07b6a01581fada0e1614ca5df0e3d,Sky Money
1,0x2ca22cb25558fa2018ecb1ce4ed8af92ee7ea423,RockawayX
1,0x32401b9fb79065bc15949de0bd43927492f02f0c,Flowdesk
1,0x36cfe1568461e499391ef0a555300f1ae2da2439,Api3
1,0x3985e858545d784009c9420bd6abeca55fd04117,Unified Labs
1,0x3bd9adae6643ddcddd02746b8b60075e56df9478,RockawayX
1,0x3a618e9d4159dff94e90bd6239161de4dd7c0082,Hyperithm
1,0x41ba71cf6b366c7489aa31d2013e9a26f4c3e2d7,Keyrock
1,0x43fcd85e8d9d003d515f886891b7c742ac9f92da,Gauntlet
1,0x4ef53d2caa51c447fdfeeedee8f07fd1962c9ee6,KPK
1,0x500ae64100d7dbdb640531085c2f5d40cdc8930d,Armitage by Wintermute
1,0x54210d3f1a066413891af9e17210e787d5c6e3f4,Api3
1,0x55c1b6e461a6334b567baf0feb5d728715446f05,Armitage by Wintermute
1,0x56bfa6f53669b836d1e0dfa5e99706b12c373ecf,Sky Money
1,0x5b453493d2328e7f747eb2e66446efe707728be7,Gauntlet
1,0x5e5b30c5fd07da26d1e515dfedb1d37c93417652,SingularV
1,0x5dbf760b4fd0cddde0366b33aeb338b2a6d77725,KPK
1,0x5dc53a23adc9f2bed98de6f59f7f309a7c71ff2b,Armitage by Wintermute
1,0x5f342382d5f77f0f99e8f26161e689df6c7cded3,Gauntlet
1,0x5f829b1b473cba86838e1b7bb7e144dbde228e21,RockawayX
1,0x64c18dcc4ccb3b8d27877a4aebb4c3126cb39cb9,RockawayX
1,0x65a6334c0e2b5f7640c2a6b9ce615e162b1e909b,SharpByte
1,0x68a65f315bcd3c3456d1368ff88bc661856548e1,Presto
1,0x69a238ae7ebeb3c53ff3b544e48b96a2142fc284,Clearstar
1,0x6dc58a0fdfc8d694e571dc59b9a52eeea780e6bf,Sentora
1,0x71ffb6a81786ec285d429d531cf655107b9d878d,Galaxy Curation
1,0x7a72bcd2c3f7f7e4d6679170a0625bab15d7dda1,KPK
1,0x7cbcfc4f64be199ede6db1d916ddcdb69f666b57,Sentora
1,0x7ceb0f01cb7187a2ebed5661ecc4d5701d8f2350,August Digital
1,0x7d4741ba166b21cf3168a9a0ea71388531c52ff7,Waterline
1,0x8381a156958711e230f325428b5eb4b6555c75d9,Sentora
1,0x842a84df61dbe701c5dae345f3f8e64af727e48c,Gauntlet
1,0x85f3d81a39df458e45d5ea20f9eb937faafd282f,UltraYield
1,0x870f0bf29a25a40e7cc087cd5c53e70c11f2c8a8,KPK
1,0x8e56cb6bc1a8961ed9062b99045d3299b27cdb4d,Avantgarde
1,0x8edcc305e633d29bfb383872e79401c506ce9e6f,Stake DAO
1,0x8ac91877b93330f52b2979a31a4879506021475c,RockawayX
1,0x8c106eedad96553e64287a5a6839c3cc78afa3d0,Gauntlet
1,0x91393f69a308844a1b4830de1a57fb489c9d88ce,Unified Labs
1,0x91600e31fbedc72433d4a57f16639cfe661be7d8,Galaxy Curation
1,0x93e0f9d502eefce8d34924ab3478c7ea0cbc5a2e,RockawayX
1,0x9480034d908989b006d78bdbbd7bd509c92e8bbc,MEV Capital
1,0x98b102d24b5d03f8d840843b0c7dd98d439ac443,Touchstone
1,0x98d2b241da14c5dd848812708eb8a1f3c5512f9d,Gauntlet
1,0x9c57e02bc31e7e463f439353d97bd8f42f5a7f9c,RockawayX
1,0x9a1d6bd5b8642c41f25e0958129b85f8e1176f3e,Gauntlet
1,0x9f3bebf1159323f78e5c97cc30f10907b71fcf8c,Feather
1,0xa2eaad0d586cf9fd73bb2c09cf6a7e3e187d68cd,Armitage by Wintermute
1,0xab5955eb671d150527f8e61a42b703832f86616c,Waterline
1,0xabe418cc8c06d265e4eb009c02ea4b265eca7240,Hyperithm
1,0xb344e331a3cda61d329fb3cca2be5942da87c418,Bitwise
1,0xb885f6d448da7e2c642ec31190b629e40e87b069,Yearn
1,0xbeef3f3a04e28895f3d5163d910474901981183d,Steakhouse Financial
1,0xbeeff0d672ab7f5018dfb614c93981045d4aa98a,Steakhouse Financial
1,0xbeeff047c03714965a54b671a37c18bef6b96210,Waterline
1,0xbb50a5341368751024ddf33385ba8cf61fe65ff9,KPK
1,0xbeeff4fd39f8e48b6a6e475445d650cb11e9599f,Steakhouse Financial
1,0xbeeff08df54897e7544ab01d0e86f013da354111,Steakhouse Financial
1,0xbf29043164660c60a2a72cd15ffe2304e87b6838,Armitage by Wintermute
1,0xc21b08c16458202593d4d9b26b9984ee67b38bbd,Sentora
1,0xce13e39534082fcf8f13f6d84e6d95414d14271e,Stake DAO
1,0xd1e9242e075db4bdd3f3c721d7d5fd4180a94a7e,Clearstar
1,0xd5cce260e7a755ddf0fb9cdf06443d593aaeaa13,KPK
1,0xe0181090c22579b6a217f1522cbf8c9f1f0c1965,RockawayX
1,0xe15fcc81118895b67b6647bbd393182df44e11e0,Sky Money
1,0xe571b648569619566cf6ce1060c97b621cb635d3,Gauntlet
1,0xe9be5f0e92e941a025d3dd32038250577756a73f,Keyrock
1,0xf39ac02dec8fae8292d5f42202e4cd885356256b,SingularV
1,0xf3cc5c9a25508d8d959618fd48f6abc18ca4db49,Clearstar
1,0xa877d5bb0274dccba8556154a30e1ca4021a275f,KPK
1,0xb0c424116172b55cbb6dd3136f5989f7959e5b91,SparkDAO
1,0xb576765fb15505433af24fee2c0325895c559fb2,Sentora
1,0xb5ce3ca2c774b72955c25875022fdd91f7a7b938,KPK
1,0xb8274efadb953fe9ae052d481a3fc5b6a3ced703,Gauntlet
1,0xbeef00a59b577423653a1526c7009bde103f542b,Steakhouse Financial
1,0xbeeff89abb7815ccd5182bd1ff82c4a4f8fcb13d,Steakhouse Financial
1,0xbeeff75262b2ec16a3c62a807f02ee7627654931,Waterline
1,0xbeef003c68896c7d2c3c60d363e8d71a49ab2bf9,Steakhouse Financial
1,0xbeef003e31546c7210687f1a7b40d096be83ec58,Steakhouse Financial
1,0xbeef0046fcab1de47e41fb75bb3dc4dfc94108e3,Steakhouse Financial
1,0xbeef00b5d83c1188f07a5184230a805639c39f04,Steakhouse Financial
1,0xbeef06db5aad37a31a99ae8ae3120618845c5a23,Steakhouse Financial
1,0xbeef088055857739c12cd3765f20b7679def0f51,Steakhouse Financial
1,0xbeef0c075da5d01112ae5cf34d257074fb5ddb2f,Steakhouse Financial
1,0xbeeff07d991c04cd640de9f15c08ba59c4fedeb7,Steakhouse Financial
1,0xbeeff2c5bf38f90e3482a8b19f12e5a6d2fca757,Steakhouse Financial
1,0xbeeffabcd0db09589dd21854aa760c52ab4bf04f,Steakhouse Financial
1,0xc92a37fd0250f4eecf092960a2f70a1334217528,Api3
1,0xd65d6e8dbc3cd3d12418199e6f4014db3aaa0097,RockawayX
1,0xd95fe7adf5075fad9d6bf853e0f9fe53369e8d96,Galaxy Curation
1,0xe05fadf242331808f504661bea65972594869826,Clearstar
1,0xe2221aa07ec3266da87763e2b1e28d07a8a4e53b,Api3
1,0xe7765dd0aa5d6346d8a2690fd48f0fcd7da0ec77,Touchstone
1,0xe99a27169c2aa26a8f2757949d09fa3f9a8f0b3b,RockawayX
1,0xebbae8cfabb0092d5b32f00ebee0c8139d24ddcd,Avantgarde
1,0xf3557ad5e984211ac8a0874a670344f2c3376471,Gauntlet
1,0xf42bca228d9bd3e2f8ee65fec3d21de1063882d4,Sky Money
1,0xfa5367bf43b9fc2a9764ed946b29f6e6150f6439,Flowmark
8453,0x050ce30b927da55177a4914ec73480238bad56f0,Gauntlet
8453,0x08cc279532f159bdb450ebc0baf6562f585ded58,Gauntlet
8453,0x116e1a65717a534b73ecb7d4f6543c65dbcd0e46,Clearstar
8453,0x1deefabee758aabdc29a542b24ca3b75afd56765,Gauntlet
8453,0x1e9e47583f15d45a10df48c0b1846e0492c795d7,Galaxy Curation
8453,0x39e18c066187c83e860801befe45ae8ecd021575,Gauntlet
8453,0x4d72fed1b6ce42f8dea811f7b6685ebe4ec04e01,Api3
8453,0x5e03f8965e2957291b3c6990c6cb9023c36d3d30,Bitwise
8453,0x618495ccc4e751178c4914b1e939c0fe0fb07b9b,RE7 Labs
8453,0x91c056b6d4311a743614fbc03ac32d4e6a2d3a3c,Clearstar
8453,0x94af495de1f56aa5576deb17986bdcee5dd9778d,Gauntlet
8453,0xae4181cfb5aaa08bbe77d269c6b595672b9f9edc,RockawayX
8453,0xbca4e2e24a7cfa776e4282cc8eb06f04738b71da,Clearstar
8453,0xbeef00fc6e87de086a0e29169a2f6e25cf5c11a9,Steakhouse Financial
8453,0xbeeff0be997cca5b1c13a7433c2004637975739e,Steakhouse Financial
8453,0xe34d43ca9152d198b60654868c8cd197196a492f,Avantgarde
8453,0xfefec33668e22677c4762d0853d56245a800ff08,Gauntlet
8453,0xbeef009f28ccf367444a9f79096862920e025dc1,Steakhouse Financial
8453,0xbeef00a299ae1784fb7740d2d469f60a1e015fe9,Steakhouse Financial
8453,0xbeef00f0a818894a2cf111644a5098421611100e,Steakhouse Financial
8453,0xbeef0e0834849acc03f0089f01f4f1eeb06873c9,Steakhouse Financial
8453,0xbeeff2490feffa212fac2f6553682c219e6a8845,Steakhouse Financial
8453,0xbeeff7ae5e00aae3db302e4b0d8c883810a58100,Steakhouse Financial
8453,0xe7d0dbe3493830e2ab62619211a2bff0fc60db42,Yearn
999,0x3d2e92b54fb4b906246539bcd91617ebcb391616,Felix
999,0x51254785367d73a10a2ea7d44b8e97b749bfbe8b,Felix
999,0x589a57196c16d0cfab3ed229fcfa959f65ca00bf,K3 Capital
999,0x62bbfaa81f70dfc66fc5e03d5de64ceaad8473ad,MEV Capital
999,0x6ff35ae1bad0edc0cf354e0cd64f10e4d1726f57,Felix
999,0x9fa2074e43ef6f6db4a1bb5eeb72e4bc8558bfde,Gauntlet
999,0xbd3163135ca16c088b92b000ebc8c20a449c349e,Felix
